time2,source,title,url,abstract
2018-04-09,农产品期货网,中美贸易战开打后豆油飙涨,http://finance.sina.com.cn/money/future/agri/2018-04-09/doc-ifyteqtq6376966.shtml,短线预计国内豆油现货走势较为强劲，但是目前的强劲走势来自于中美贸易战的提振，而中美相互征收重税的时间尚未公布，一旦中美重回谈判桌，加征关税有可能遥遥无期，到时候豆油价 ...
2018-04-09,新浪财经,中美贸易战阴影下，TCL彩电业务或受影响,http://finance.sina.com.cn/stock/s/2018-04-09/doc-ifyvtmxe4971040.shtml,新浪财经讯4月9日消息中美贸易战阴影还未散去，中国公司就公布可能带来的潜在威胁。今晚，彩电制造巨头TCL发布公告称由于2018 年 4 月 4 日凌晨，美国贸易代表办公室公布了对华部分商 ...
2018-04-10,环球外汇网,中美贸易战忧虑缓解 美国三大股指均高开,http://finance.sina.com.cn/money/forex/forexinfo/2018-04-10/doc-ifyzeyqa1773484.shtml,中国国家主席习近平在博鳌论坛上表示，中国将大幅度放宽市场准入。这一承诺可能有助于缓解市场有关中美两国之间可能爆发一场全面贸易战的忧虑，这种忧虑最近以来一直都导致股市承 ...
2018-04-05,观察者网,中美贸易战韩国伤的有多深？韩国居民消费率下滑50%,http://mil.news.sina.com.cn/dgby/2018-04-05/doc-ifysuuya7456587.shtml,[观察者网综合报道] 中美贸易战阴云下，中国的近邻――韩国可能成为一个被忽视的受害者。与中国类似，韩国同样是一个严重依赖出口的经济体，近年来一直与日本争夺着中国最大进口 ...
2018-04-09,第一财经日报,中美贸易战下中国家电将转向拓展内销空间,http://tech.sina.com.cn/roll/2018-04-09/doc-ifyuwqez7087314.shtml,终端压力主要来自于国内市场需求的减弱，终端价格战是必然导向，品牌企业对上游订单也将减少，所以在这一轮中美贸易战中，部分空气净化器产业上游的小厂商将面临国内、国外的双重 ...
2018-04-09,农产品期货网,中美贸易战升级后出口国大豆、玉米报价飙涨,http://finance.sina.com.cn/money/future/agri/2018-04-09/doc-ifyuwqez7212236.shtml,中美贸易战的本质是在位霸权国家遏制新兴大国，至今已展开两个回合，中方均及时、强硬反击，赌徒特朗普再出手考虑额外对1000亿美元对华进口商品加征关税，中方继续强硬回应，中美贸 ...
2018-04-09,第一财经日报,中美贸易战下中国家电 将转向拓展内销空间,http://finance.sina.com.cn/roll/2018-04-09/doc-ifyvtmxe2362213.shtml,x3000;　中美贸易战下中国家电 将转向拓展内销空间　　记者 王珍　　[ 从4月4日发布的美国拟提高中国出口商品关税的建议清单来看，电视品类涉及到电视部件和部分带DV ...
2018-04-09,第一财经日报,中美贸易战下：中国家电将转向拓展内销空间,http://finance.sina.com.cn/roll/2018-04-09/doc-ifyvtmxe2428187.shtml,中美贸易战下中国家电 将转向拓展内销空间 王珍 [从4月4日发布的美国拟提高中国出口商品关税的建议清单来看，电视品类涉及到电视部件和部分带DVD整机。
2018-04-10,投资综合,中美贸易战引美股动荡 现在是做多黄金的好时机,http://finance.sina.com.cn/money/nmetal/hjfx/2018-04-10/doc-ifyuwqez8409907.shtml,来源：图表家 中美贸易战引美股动荡，现在是做多黄金的好时机 近期，美股因中美贸易战的影响波动性加剧，多次出现暴跌。
2018-04-14,环球时报,特朗普为何在TPP上180°大逆转?和中美贸易战有关,http://news.sina.com.cn/c/2018-04-14/doc-ifyuwqfa0756919.shtml,而更具戏剧性的是，这个对付中国的办法，恰恰是特朗普一年前亲手废除的……▲图为特朗普在1年前签署的美国正式退出TPP的总统令 为何一年前被特朗普废掉？这个令特朗普在短短1年里就 ...
2018-04-13,参考消息,中美贸易战风险上升？英媒:投资者更加青睐中国,http://news.sina.com.cn/c/2018-04-13/doc-ifyuwqfa0020583.shtml,原标题：中美贸易战风险上升？英媒：中国反倒成投资者眼中香饽饽 一家券商营业部内的股民在查看大屏幕上的股市信息。
2018-04-13,新浪综合,中美贸易战升级 对哪国CPI影响更大？,http://finance.sina.com.cn/china/gncj/2018-04-13/doc-ifyzeyqc5927952.shtml,中美贸易战升级，对哪国CPI影响更大？来源：苏宁金融研究院 当前，中美贸易摩擦正面临全面升级之势，这无疑是今年中国和全球经济最大的不确定因素，而普通老百姓未来的最直接感受 ...
2018-04-11,人民日报,中国扩大开放新举措与中美贸易战有关?外交部回应,http://news.sina.com.cn/c/2018-04-11/doc-ifyzeyqa5331528.shtml,原标题：中国扩大开放新举措与中美贸易战有关？中方回应 外交部今天举行例行记者会。以下为记者会部分内容：问：各界都十分关注习近平主席昨天在博鳌亚洲论坛2018年年会开幕式上宣布 ...
2018-04-13,华夏时报,中美贸易战 新能源产业“最受伤”,http://finance.sina.com.cn/china/2018-04-13/doc-ifyuwqfa0571214.shtml,中美贸易战 新能源产业“最受伤”实习记者 王瑞斌 本报记者 翟亚男 北京报道 中美贸易冲突在20世纪80-90年代有两次，2002年有一次，那时候是相互威胁，但这次美国首次真正遏制中国，同时 ...
2018-04-13,参考消息,中美贸易战风险上升？英媒：中国成投资者眼中香饽饽,http://finance.sina.com.cn/china/2018-04-13/doc-ifyteqtq9203074.shtml,中美贸易战风险上升？英媒：中国反倒成投资者眼中香饽饽 参考消息网4月13日报道 英媒称，中国的股市、债市和汇市是基金经理2018年的首选目标，他们押注中美两国将能避免爆发全面的 ...
2018-04-13,中国经济网,海关总署回应“中美贸易战会否影响中国经济”,http://news.sina.com.cn/c/2018-04-13/doc-ifyteqtq9386368.shtml,原标题：海关总署回应“中美贸易战会否影响中国经济”经济日报-中国经济网北京4月13日讯 今天，国务院新闻办公室举行新闻发布会，海关总署新闻发言人黄颂平介绍2018年一季度进出口情 ...
2018-03-25,央视新闻,中美贸易战引发资本市场波动？央行掌门人这样说,http://news.sina.com.cn/c/nd/2018-03-25/doc-ifysqvkf2562187.shtml,原标题：中美贸易战引发资本市场波动？央行掌门人有话说！3月24日至26日，中国发展高层论坛2018年会在北京举行。
2018-04-08,一财网,中美贸易战战云密布 携程加入网约车大战,http://finance.sina.com.cn/roll/2018-04-08/doc-ifyteqtq5783554.shtml,中美贸易战战云密布 携程加入网约车大战 孙维维 清明小长假后开工第一天，假期里都发生了啥？中美之间贸易战愈演愈烈，无疑成为国人最为关心的事情。
2018-04-07,《财经》杂志,中美贸易战中特朗普的华裔拥趸们：特朗普是灵活商人,http://finance.sina.com.cn/world/2018-04-07/doc-ifyuwqez6225345.shtml,多数人都认为应该对中国做点什么，唯一可能有分歧的地方是在手段上应当有多激进。对于中美贸易战带来的成本，他们认为一个可能的结果就是某些东西会涨价。
2018-04-08,新浪综合,中美贸易战升级 会对通讯、电子等行业产生负面影响,http://finance.sina.com.cn/stock/hyyj/2018-04-08/doc-ifyuwqez6474670.shtml,中美贸易战升级 哪些行业会受影响？从中美双方征税清单来看，华泰证券认为，短期对我国的通讯、电子、机械加工和化学工业等行业会产生负面影响。
2018-04-08,农产品期货网,中美贸易战为什么大豆最受关注？,http://finance.sina.com.cn/money/future/agri/2018-04-08/doc-ifyuwqez6496551.shtml,刚刚，中国宣布对美国约500亿美元的商品征税，第一和第二项都是大豆，在各大媒体关于中美贸易战的报道中，大豆也被提到了显要位置。
2018-04-07,经济观察网,中美贸易战特朗普做错了什么？采用232条款就很荒谬,http://finance.sina.com.cn/china/gncj/2018-04-07/doc-ifyteqtq5218587.shtml,图片来源：全景视觉）中美贸易战 特朗普做错了什么？经济观察报 徐立凡/文 4月2日，针对美国对进口钢铁和铝产品发起“232”之举，中国宣布对原产于美国的水果、猪肉及其制品等7类128 ...
2018-04-06,新浪综合,中美贸易战：美国‘玩’得起吗 中国“核武”未亮相,http://finance.sina.com.cn/world/2018-04-06/doc-ifysuuyc2863781.shtml,中美贸易战 美国‘玩’得起吗？周燕芬 来自微信公号：港股解码 中美贸易战正处剑拔弓张之际，突然峰回路转，柳暗花明又一村！中国是礼义之邦，‘你敬我一尺，我敬你一丈’。
2018-04-07,证券综合,中美贸易战对原料药出口影响几何？,http://finance.sina.com.cn/world/gjcj/2018-04-07/doc-ifyvtmxc4052971.shtml,中美贸易战对原料药出口影响几何？来源：兽药信息杂志 川普总统一声令下，祭出“301调查”和600亿美元的征税清单，打响了中美贸易战的第一枪。
2018-04-06,新浪综合,南开大学李泽广、招商证券谢亚轩畅聊“中美贸易战”,http://finance.sina.com.cn/world/gjcj/2018-04-06/doc-ifysuuyc3298334.shtml,中美贸易战 南开大学金融学院副教授 李泽广 招商证券首席宏观分析师 谢亚轩 问题汇总 问题一 3月22日，美国总统特朗普签署备忘录，根据“301调查”结果，对中国600亿美元商品加征关税 ...
2018-04-12,投资综合,中美贸易战对山西煤炭行业影响有限,http://finance.sina.com.cn/money/future/fmnews/2018-04-12/doc-ifyteqtq8762053.shtml,就中美可能爆发的贸易战对山西煤炭行业的影响进行了分析研究。综合分析来看，中美贸易战即便开打，对山西煤炭行业乃至全国市场直接影响将比较有限，间接影响也不会太大。
2018-04-08,人民日报海外版-海外网,中美贸易摩擦升级 外媒称美鹰派成对华贸易战推手,http://mil.news.sina.com.cn/2018-04-08/doc-ifyteqtq5783361.shtml,据美国《纽约时报》网站4月6日报道，美国总统特朗普6日为他好斗的贸易政策姿态进行辩护。此前，特朗普加大了一项白宫惩罚北京计划的力度，威胁额外对1000亿美元进口自中国的商品加征 ...
2018-04-11,新浪港股,中美贸易战摆脱最恐慌时刻 环球股市反弹,http://finance.sina.com.cn/stock/hkstock/hkstocknews/2018-04-11/doc-ifyteqtq7839820.shtml,资金捧优质公司聚焦外围3关键 投资界相信贸易战暂时摆脱“最恐慌时刻”，料资金将会重新关注基本因素及行业消息，短线大市走势系于3大关键：（1）Facebook在国会听证会的表现，对科网 ...
2018-04-08,环球网,中美贸易战正酣 但台湾这件事更有可能引发大动荡,http://news.sina.com.cn/c/2018-04-08/doc-ifyteqtq5936558.shtml,分析认为，此举明显是针对蔡英文。诉求所谓“独立公投・正名入联”的“喜乐岛联盟”7日在高雄举行成立大会。
2018-04-09,环球时报,中美贸易战正酣 印右翼却妄图背后给中国“捅刀”,http://news.sina.com.cn/c/2018-04-09/doc-ifyteqtq6219541.shtml,原标题：中美贸易战正酣 印度右翼却妄图背后“捅刀”美国总统特朗普日前威胁拟对中国1000亿美元商品额外加征关税，点燃贸易战硝烟。
2018-04-11,南开大学,“中美贸易战？――前景与影响”学术研讨会南开举行,http://news.sina.com.cn/o/2018-04-11/doc-ifyuwqez9056173.shtml,郝静秋 摄影 任永华)4月10日，由南开大学经济学院、国际经济贸易系、国际经济研究所、跨国公司研究中心和APEC研究中心联合举办的“中美贸易战？――前景与影响”学术研讨会在南开大 ...
2018-04-06,观察者网,中美贸易战打农产品 这些国家将受益？,http://news.sina.com.cn/c/2018-04-06/doc-ifysuuyc0026207.shtml,139%。《环球时报》援引巴西动物蛋白协会主席弗朗西斯・图拉称，“中美贸易战将加大巴西肉类的国际需求，对我们来说是一个千载难逢的机会。
2018-04-11,人民日报海外版海外网,"中美贸易战蔡英文称""台湾也是棋手"" 国台办：膨胀",http://mil.news.sina.com.cn/2018-04-11/doc-ifyuwqez8878118.shtml,她很满意赖清德的表现，请问发言人有何评价？另外，针对中美贸易战，蔡英文说“不要小看两千三百万人，台湾也是棋手，会顺势操作”，请问发言人怎么评价？马晓光：第一个问题 ...
2018-04-09,参考消息,中美贸易摩擦升级 外媒称美鹰派成对华贸易战“推手”,http://news.sina.com.cn/o/2018-04-09/doc-ifyuwqez7290129.shtml,4月6日报道，中国和美国在贸易战中下的赌注越来越大。中美贸易战已经迅速从象征层面升级为真刀真枪。特朗普信誓旦旦地表示，准备加大对中国的挑战。
2018-04-08,证券综合,中美贸易战升级美股大跌 A股明天又会怎么走,http://finance.sina.com.cn/stock/marketresearch/2018-04-08/doc-ifyvtmxe0997556.shtml,都在等A股开盘！中美贸易战升级，有何影响？最新解读看过来 证券时报网 特朗普挑起的中美贸易战一波三折，中美这两个世界上最大经济体的一举一动，都让全球市场投资者的心，时刻 ...
2018-04-09,投资综合,中美贸易战再升级 警惕钢市有“大波动”,http://finance.sina.com.cn/money/future/fmnews/2018-04-09/doc-ifyteqtq6339207.shtml,我的钢铁网 背景：中美贸易战硝烟再起，美国总统特朗普要求美国贸易代表办公室依据“301调查”，额外对1000亿美元中国进口商品加征关税。
2018-04-08,澎湃新闻,中美贸易战德系豪华车躺枪 宝马奔驰关注加征25%关税,http://finance.sina.com.cn/chanjing/cyxw/2018-04-08/doc-ifyteqtq5919052.shtml,宝马奔驰关注加征25%关税，中美贸易战德系豪华车“躺枪”澎湃新闻记者 陈楚薇 美国对中国发起的这场贸易战，让裹挟其中的中美汽车制造行业成为各方关注焦点。
2018-04-09,农产品期货网,中美贸易战 短期对国内棉花市场影响有限,http://finance.sina.com.cn/money/future/agri/2018-04-09/doc-ifyuwqez7346439.shtml,中美贸易战不断升级，4月4日，中方宣布对美国大豆、棉花、汽车、化工品等14类106项商品加征25%关税，消息一出美棉瞬间直线跳水，一度跌破80美分/磅。
2018-03-26,中国之声,中美贸易战，哭的竟然是……,http://news.sina.com.cn/o/2018-03-26/doc-ifysrmnr8716724.shtml,毕竟苹果最近一个季度的营收中，有180亿美元来自中国市场，占其总销售额的20%。波音去年在中国的销售额接近120亿美元，占其总营收的近13％。
2018-03-26,农产品期货网,中美贸易战开打 中国纺织品出口将受冲击？,http://finance.sina.com.cn/money/future/agri/2018-03-26/doc-ifysreai9330571.shtml,调查结果，对从中国进口的商品大规模征收关税，并限制中国企业对美投资并购。美国终于单方面对中国发起了酝酿多时的中美贸易战！？根据当天签署的备忘录，美国贸易代表办公室将在15 ...
2018-03-26,农产品期货网,中美贸易战打响 大豆是盔甲不是软肋,http://finance.sina.com.cn/money/future/agri/2018-03-26/doc-ifysrken4225358.shtml,北京时间3月23日凌晨，美国总统特朗普签署备忘录，宣布将对从中国进口的约600亿美元商品加征关税，并限制中国企业对美投资并购。
2018-03-26,美股综合,中美贸易战山雨欲来 1987年崩盘可能重演？,http://finance.sina.com.cn/stock/usstock/c/2018-03-26/doc-ifysqfnf6834472.shtml,――萧伯纳。舆论措辞越来越激烈；这是 1987的历史重演？周末，中国的媒体上的舆论变得越来越激烈。《人民日报》称中国“不怕打”贸易战。
2018-03-26,环球外汇网,中美贸易战打不下去？美国财长：希望与中国签订“停战协议”！,http://finance.sina.com.cn/money/forex/forexinfo/2018-03-26/doc-ifysrewn0556651.shtml,“我们正在与他们进行颇有成果的对话，”努钦在谈到与中国正在进行的会谈时说。“对于达成协议，我保持一种谨慎乐观的态度。
2018-04-04,澎湃新闻,中美贸易摩擦丨特朗普发推：美国没和中国开打贸易战,http://news.sina.com.cn/o/2018-04-04/doc-ifyswxnq2740454.shtml,北京时间4月4日晚间，中美贸易摩擦“激战正酣”时，美国总统特朗普在其Twitter发布推文称，美国没有和中国处于贸易战之中（We are not in a trade war with China）。
2018-04-04,一财网,中美贸易战升级避险情绪骤升 金价狂飙股市汇市暴动,http://finance.sina.com.cn/roll/2018-04-04/doc-ifyswxnq2766760.shtml,中美贸易战升级避险情绪骤升，金价狂飙股市汇市暴动 美国公布基于“301调查”的中国商品拟征税清单 美国贸易代表办公室（USTR）3日公布基于“301调查”结果的中国商品拟征税清单。
2018-04-04,汇通网,中美贸易战升级美指险守90，但后市多头或迎来转机？,http://finance.sina.com.cn/money/forex/hbfx/2018-04-04/doc-ifyteqtq4113781.shtml,稍早公布的美国ADP就业数据好于预期，美指仅微升。具体数据显示，美国3月ADP就业人数增加24.1万，预期增加21.0万，前值增加23.5万。
2018-04-04,汇通网,中美贸易战升级避险骤升，金价狂飙股市汇市暴动,http://finance.sina.com.cn/money/forex/hbfx/2018-04-04/doc-ifyteqtq3997225.shtml,受此影响，避险情绪再度升温，商品股市汇市集体暴动。美元指数盘中跌幅扩大至30点至89.91，现货黄金上涨逾10美元，布油跌幅扩大到1.40%；欧元兑美元拉升50余点，美元兑日元跳水近70点， ...
2018-03-30,农产品期货网,中美贸易战打响，国产水果能否逆袭占据高端？,http://finance.sina.com.cn/money/future/agri/2018-03-30/doc-ifystrpm9484516.shtml,否则，长此以往，也会焦土蔓延。？？国产水果替代：中美贸易战轰开的一个超级机会？？美国西北园艺协会会长Mark Powers表示：“我们没法轻易地放弃中国市场，因为没有其他市场能有 ...
2018-03-31,中国新闻网,贸易战无法解决中美贸易失衡 中方不惧底气何来,http://mil.news.sina.com.cn/2018-03-31/doc-ifysuetm4651687.shtml,中方已经对美方表示了严正的原则和立场，要求美方恪守世贸组织规则，通过双方的磋商和谈判来解决贸易失衡问题。贸易失衡的真正原因是国际分工 美国在统计对华贸易逆差时，采用传统 ...
2018-03-25,经济观察报,中美贸易战冲击波 全球股市“风声鹤唳”,http://finance.sina.com.cn/roll/2018-03-25/doc-ifysnevm7677076.shtml,但也无需因此而过于悲观。”刘刚表示。对中国股市而言，中美贸易战升级同样会对中国金融市场带来波动。平安证券首席经济学家张明在最新研报中表示，通过比较受贸易战影响较大的A ...
2018-03-25,美股综合,中美贸易战--超越美国路上的插曲,http://finance.sina.com.cn/stock/usstock/c/2018-03-25/doc-ifysnevm8284349.shtml,来源：宁南山 中美贸易战--超越美国路上的插曲 今天，舆论的焦点绝对是中美贸易战了，当然这个价值600亿美元的战还没开打，双方媒体的预热还是做的不错，感觉好像要打世界大战一样 ...
2018-03-23,美股综合,中美贸易战：中资房企的美国布局何去何从,http://finance.sina.com.cn/stock/usstock/c/2018-03-23/doc-ifysptac1327936.shtml,拟对自美进口部分产品加征关税，以平衡因美国对进口钢铁和铝产品加征关税给中方利益造成的损失。受中美贸易战影响，全球股市大幅下跌。
2018-03-25,参考消息,中美贸易战担忧令全球股市大跌 美股遭遇黑色一周,http://finance.sina.com.cn/stock/usstock/c/2018-03-25/doc-ifysqrip2880435.shtml,外媒：中美贸易战担忧引全球股市大跌 美股遭“黑色一星期”参考消息网3月25日报道 外媒称，美国总统特朗普22日公布了一项计划，要求对价值高达600亿美元的中国商品征收新关税并限制中 ...
2018-03-23,证券综合,中美贸易战阴云密布 博腾股份终止美国生物CDMO资产,http://finance.sina.com.cn/stock/s/2018-03-23/doc-ifyspsqu9056591.shtml,总之上市公司绝不会浪费国家资源干亏本的买卖。对于投资方面，博腾股份正在评估中美贸易战的不确定性、相关风险和影响，也会密切关注后续进展并及时采取相应措施。
2018-03-23,中国证券网,中美贸易战吓倒全球股市？ A股中期无需悲观,http://finance.sina.com.cn/stock/marketresearch/2018-03-23/doc-ifysnevm3249037.shtml,中美贸易战吓倒全球股市，A股跌过头了？机构是这么看的……屈红燕 徐蔚 中美贸易战阴影来袭，全球股市惶惶不安。
2018-03-28,农产品期货网,中美贸易战背景下豆类有哪些投资机会？,http://finance.sina.com.cn/money/future/agri/2018-03-28/doc-ifysskzn3765787.shtml,USDA3月供需报告预计巴西2017/18年度大豆出口量将达到7050万吨。如果中美贸易战将大豆纳入制裁范围，巴西大豆出口量或将高于这一预期。
2018-03-23,证券综合,曹山石：为啥说中美贸易战长期输赢已定,http://finance.sina.com.cn/stock/marketresearch/2018-03-23/doc-ifysnevk9594291.shtml,在东京，今天一早酒店送来的报纸，头版头条都是中美贸易争端。和诸位分享几段关于贸易战的文字，来看中美贸易战长期输赢结果。
2018-03-23,经济观察网,中美贸易战爆发：中国开始反击 全球化冬天正在来临?,http://finance.sina.com.cn/china/gncj/2018-03-23/doc-ifyspivs0961682.shtml,图片来源：全景视觉）中国开始反击！中美贸易战爆发，全球化的冬天正在来临？经济观察网 二把刀/文 北京时间今天（3月23日）凌晨，美国打响了对华贸易战的第一枪。
2018-03-25,经济观察报,中美贸易战冲击波 全球股市“风声鹤唳”,http://finance.sina.com.cn/roll/2018-03-25/doc-ifysnevm7740492.shtml,但也无需因此而过于悲观。”刘刚表示。对中国股市而言，中美贸易战升级同样会对中国金融市场带来波动。平安证券首席经济学家张明在最新研报中表示，通过比较受贸易战影响较大的A ...
2018-03-23,证券综合,中美贸易战阴云密布 博腾股份终止美国生物CDMO资产,http://finance.sina.com.cn/stock/s/2018-03-23/doc-ifyspsqu9056591.shtml,总之上市公司绝不会浪费国家资源干亏本的买卖。对于投资方面，博腾股份正在评估中美贸易战的不确定性、相关风险和影响，也会密切关注后续进展并及时采取相应措施。
2018-03-23,中国证券网,中美贸易战吓倒全球股市？ A股中期无需悲观,http://finance.sina.com.cn/stock/marketresearch/2018-03-23/doc-ifysnevm3249037.shtml,中美贸易战吓倒全球股市，A股跌过头了？机构是这么看的……屈红燕 徐蔚 中美贸易战阴影来袭，全球股市惶惶不安。
2018-03-28,农产品期货网,中美贸易战背景下豆类有哪些投资机会？,http://finance.sina.com.cn/money/future/agri/2018-03-28/doc-ifysskzn3765787.shtml,USDA3月供需报告预计巴西2017/18年度大豆出口量将达到7050万吨。如果中美贸易战将大豆纳入制裁范围，巴西大豆出口量或将高于这一预期。
2018-03-23,证券综合,曹山石：为啥说中美贸易战长期输赢已定,http://finance.sina.com.cn/stock/marketresearch/2018-03-23/doc-ifysnevk9594291.shtml,在东京，今天一早酒店送来的报纸，头版头条都是中美贸易争端。和诸位分享几段关于贸易战的文字，来看中美贸易战长期输赢结果。
2018-03-23,经济观察网,中美贸易战爆发：中国开始反击 全球化冬天正在来临?,http://finance.sina.com.cn/china/gncj/2018-03-23/doc-ifyspivs0961682.shtml,图片来源：全景视觉）中国开始反击！中美贸易战爆发，全球化的冬天正在来临？经济观察网 二把刀/文 北京时间今天（3月23日）凌晨，美国打响了对华贸易战的第一枪。
2018-03-23,证券综合,中美贸易战全面打响 在美国有业务的上市公司(名单),http://finance.sina.com.cn/stock/marketresearch/2018-03-23/doc-ifysnevm0493167.shtml,23日，针对“特朗普签署备忘录将对中国商品征收关税”，多家公司回应对业务影响情况。其中，奥拓电子表示，整体上基本不受美国贸易政策波动的影响；天顺风能称公司自2012年美国对中 ...
2018-03-23,环球网,中美贸易战箭在弦上 苹果、谷歌大老周末访中国,http://tech.sina.com.cn/roll/2018-03-23/doc-ifyspnph1602859.shtml,中美贸易战箭在弦上 苹果、谷歌大老周末访中国 中美贸易战箭在弦上的此刻，本周末，苹果、谷歌等科技巨头的领导人将来到中国。
2018-04-09,农产品期货网,中美贸易战升级对农产品期现货的影响及交易机会,http://finance.sina.com.cn/money/future/agri/2018-04-09/doc-ifyuwqez7246479.shtml,该政策公布之后引起了极大的关注和讨论，对大豆加征惩罚性关税出乎很多人意料，我们在3.26日的公众号文章《中美贸易战简析》中分析过对大豆的影响（文章链接http://mp.weixin.qq.com/s/l1 ...
2018-04-04,中国青年报,中美贸易摩擦转化为“贸易战”风险大增,http://news.sina.com.cn/o/2018-04-04/doc-ifyswxnq2283063.shtml,4月2日，白宫发言人桑德斯在谈及中美贸易战风险时称，美国总统特朗普对同中国的伙伴关系持开放态度，但“它应对美国有利，美国的知识产权应该得到保护”。
2018-04-03,澎湃新闻,中美贸易战影响美国农业，美国猪农果农担心失去中国市场,http://news.sina.com.cn/o/2018-04-03/doc-ifyswxnq2090845.shtml,美国《华尔街日报》报道，随着中美紧张关系升级，作为美国最成功的出口产业之一的农业，正成为中美第一轮过招的受害者。
2018-03-22,观察者网,中美贸易战还没打 美国先在陈年旧案上输了一仗,http://news.sina.com.cn/c/nd/2018-03-22/doc-ifysnyhe1309718.shtml,根据商务部21日晚公告，世界贸易组织当天公布了中国诉美国反补贴措施案（DS437）执行之诉专家组报告，裁决美方全部11项涉案反补贴措施违反世贸规则。
2018-03-27,环球时报,中美贸易战打响：美日《广场协议》那套对中国没用,http://mil.news.sina.com.cn/2018-03-27/doc-ifysruau2831887.shtml,最近，中美贸易战的硝烟瞬时腾起。一些人在分析相关话题时，拿中国当前的情境与上世纪80年代日本签订《广场协议》时相比。
2018-03-13,证券综合,中美贸易战：美国会拿哪些行业开刀？中国如何反制?,http://finance.sina.com.cn/stock/marketresearch/2018-03-23/doc-ifysfmqm0579242.shtml,美国分行业经济就业贡献、中美各产业的产品塘度及中美贸易摩擦领域演变等五个维度综合评估，认为中美贸易战升级将对中国的h气设备、机械、钢铁、有色金属加工、塑料橡胶、化工 ...
2018-03-12,参考消息,境外媒体：中方警告中美贸易战无赢家,http://finance.sina.com.cn/world/gjcj/2018-03-12/doc-ifyseuat1829802.shtml,境外媒体：中方警告中美贸易战“无赢家”参考消息网3月12日报道 境外媒体称，中国11日告诫说，中美之间的贸易战不仅对这两个国家，而且对整个世界来说都将是灾难性的。
2018-03-31,中国经营网,中美贸易战：美国的矛盾,http://news.sina.com.cn/o/2018-03-31/doc-ifysumzp7829782.shtml,报道，美国当地时间3月30日，美国贸易代表莱特希泽邀请美国农业企业团体，包括美国大豆协会、美国猪肉生产商理事会，讨论中美贸易战的影响。
2018-04-04,澎湃新闻,"中美贸易战|特朗普对关键药物原料动手,苦了美国病人",http://finance.sina.com.cn/roll/2018-04-04/doc-ifyswxnq2364989.shtml,美国贸易代表办公室建议对清单上中国产品征收额外25%的关税。在这份建议清单中，除了此前已多次提及的航空航天、信息和通信技术、机器人和机械等行业外，特朗普还针对中国生产的供 ...
2018-04-04,投资综合,中美贸易战升温 美元持续疲软 恐慌将推高金价？,http://finance.sina.com.cn/money/nmetal/hjzx/2018-04-04/doc-ifysuuya3723849.shtml,来源：黄金头条 分析师Clif Droke认为，中美贸易战愈演愈烈、美元持续疲软、黄金投机性净多仓大幅增加、以及股市遭遇严重抛售压力都刺激了市场的避险情绪。
2018-03-23,一财网,中金公司解读中美贸易战A股影响：短期或有冲击(附影响行业),http://news.sina.com.cn/o/2018-03-23/doc-ifyspiwi5179532.shtml,针对此次中美贸易战将主要影响哪些领域，中金公司今日发布最新研报称，1)从签署备忘录来看首当其冲是针对中国计划加征25%附加关税的行业，尤其是航空航天、信息及通信技术、机械领域 ...
2018-03-23,中国经营网,中美贸易战迫在眉睫 背后是中美全面博弈,http://news.sina.com.cn/o/2018-03-23/doc-ifyspmrn4833157.shtml,不过，天风证券研究所的研究显示，在中美贸易战中，美国所受的损失除了直接损失之外，还会包括在华投资的跨国公司损失，以及基于中国出口的零部件产品导致的美国本国生产成本提高 ...
2018-04-09,环球时报,"中美贸易战正酣 印度右翼却妄图背后""捅刀""",http://mil.news.sina.com.cn/2018-04-09/doc-ifyuwqez7115114.shtml,而在此关键时刻，印度右翼团体却妄图在中国背后“捅刀”，叫嚣要趁机抵制中国货，暗中破坏中国经济。据《印度报业托拉斯》报道，印度教民族主义团体（RSS）领袖库马尔（Indresh Kumar）8 ...
2018-03-23,海外网,蔡英文强行加戏:应对“中美贸易战”台当局有话说,http://news.sina.com.cn/c/gat/2018-03-23/doc-ifysnevm1470714.shtml,"原标题：蔡英文又强行加戏:应对""中美贸易战""台当局有话说 图：蔡英文 海外网3月23日电 美国向中国掀600亿美元贸易战，特朗普的贸易保护主义措施令外界不安，也引发舆论抨击。"
2018-04-07,汇通网,中美贸易战不足虑 美联储看好美国经济力挺逐步加息,http://finance.sina.com.cn/money/forex/hbfx/2018-04-07/doc-ifyteqtq5264068.shtml,他们在不同的场合，都勾勒出美联储逐步加息的图景。鲍威尔和威廉姆斯担忧中美贸易战影响 全球股市因中美贸易争端升级出现下滑，但鲍威尔只是表示，现在就贸易问题是否会对美国 ...
2018-04-11,赫桥智库,周其仁：从萨缪尔森构想看中美贸易战,http://finance.sina.com.cn/money/future/roll/2018-04-11/doc-ifyteqtq7975609.shtml,四月初到浙江台州，路上带了萨缪尔森（Paul A.Samuelson）的一篇论文。是和几位同学约好的，要讨论一次这篇备受关注的大文。
2018-04-06,新浪港股,资金在中美贸易战下急寻避风港 国策内需消费成奇兵,http://finance.sina.com.cn/stock/hkstock/hkstocknews/2018-04-06/doc-ifysuuyc0559186.shtml,新浪港股讯 据香港经济日报报道，资金在中美贸易战下急寻避风港，国策及内需消费两大概念成为港股奇兵，医药与食品股过去两周普遍逆市涨逾10%，大幅跑赢恒指同期的6%跌幅。
2018-04-06,新浪综合,张燕生：对中美贸易战前景的三个判断,http://finance.sina.com.cn/china/gncj/2018-04-06/doc-ifysuuyc0958905.shtml,来源：公众号“中国外汇”对中美贸易战的前景有三个判断：一是全球不确定性会持续一个较长时期；二是美国在对华贸易摩擦中试图把德法拉入；三是美国要为世界构建所谓基于公平贸 ...
2018-04-05,汇通网,中美贸易战走向“大谈判”？欧元多头恐沦为炮灰,http://finance.sina.com.cn/money/forex/hbfx/2018-04-05/doc-ifyteqtq4580711.shtml,1.2236，现小幅反弹交投于1.2254一线。中美贸易战忧虑情绪降温，美国表示愿意协商解决中美贸易纠纷。丹斯克银行(Danske)认为若贸易战若走向“大谈判”，欧元或重挫，荷兰国际集团(ING)也认 ...
2018-04-08,农产品期货网,中美贸易战升级后大豆何去何从？,http://finance.sina.com.cn/money/future/agri/2018-04-08/doc-ifyuwqez6476779.shtml,由此，如果中美贸易战将大豆纳入制裁范围，我国进口美豆数量势必将会减少，而其他地区能够提供的大豆数量很难弥补美豆的缺口，国内大豆供需预期趋紧，我国大豆进口成本预计也将增 ...
2018-03-23,澎湃新闻,中美贸易摩擦丨机构点评中美贸易战：哪些行业受冲击最大,http://news.sina.com.cn/o/2018-03-23/doc-ifyspkri8301124.shtml,但也不宜过分夸大其影响。我们在特朗普当选美国总统后持续关注中美贸易战的可能性及影响(参见2017年的《中美贸易战可能性及影响》《中美贸易摩擦阴云：可能的领域，可能的影响 ...
2018-04-02,新浪军事,中美贸易战正式打响 向世界传递出四点清晰信号,http://mil.news.sina.com.cn/jssd/2018-04-02/doc-ifysvmxv6051859.shtml,作者署名：牛弹琴 4月2日，规模巨大的中美贸易战正式打响了。因为美国出招后，中国在这一天正式作出了反制。针锋相对，毫不示弱。来而不往非礼也。
2018-04-08,农产品期货网,中美贸易战豆粕价格真的会暴涨？,http://finance.sina.com.cn/money/future/agri/2018-04-08/doc-ifyuwqez6512507.shtml,应该会走高。？神凯投资常务副总 高艳滨 中美贸易战中关税的提高，我们是着眼于同等规模、金额、强度的反抗，整体对国内是利多，对国外是利空。
2018-04-08,农产品期货网,中美贸易战升级，油粕行情或将大涨！,http://finance.sina.com.cn/money/future/agri/2018-04-08/doc-ifyteqtq5567430.shtml,4月4日下午，中国强硬宣布，决定对原产于美国的大豆、汽车、化工品等14类106项商品加征25%的关税。实施日期将视美国政府对我商品加征关税实施情况另行公布。
2018-03-05,新浪综合,中美贸易战还没打韩国却先急坏 反制措施适用韩产品,http://mil.news.sina.com.cn/dgby/2018-03-05/doc-ifxipenn2142294.shtml,李焕宇 从1月底到现在，美国已先后盯上中国的洗衣机、太阳能电池、铸铁污水管、钢铁和铝产品，不过到目前为止，中美贸易战还处于“雷声大雨点小”的状态。可即便中美这边连“擦 ...
2018-04-05,新浪财经,中美贸易战忧虑暂缓，非农前美元指数厉兵秣马,http://finance.sina.com.cn/stock/usstock/c/2018-04-05/doc-ifysuuya9883330.shtml,美元止损震荡攀升，非美货币集体走软。此前引发市场避险的中美贸易战忧虑在美方官员软化的态度面前暂时缓和，这支撑了美元。
2018-04-06,中国经营报,中美贸易战爆发 楼市将面临三种选择,http://finance.sina.com.cn/chanjing/2018-04-06/doc-ifyuwqez5634851.shtml,中美贸易战的扩大化，似乎已很难避免！美国方面公布了针对中国1300多种商品、超过500亿美元货值的“惩罚清单”（加征25%的关税）。
2018-04-06,环球网,中美贸易战中国手中还有这些反制硬牌 将奉陪到底,http://mil.news.sina.com.cn/china/2018-04-06/doc-ifysuuyc1495719.shtml,4月6日，美国总统特朗普发布声明称，他已经下令美国贸易办公室考虑对中国1000亿美元进口商品征收附加关税，但美国仍然计划就贸易与中国进行磋商。
2018-04-04,新浪港股,中美贸易战加剧 港股2月份低位29129为重要支持,http://finance.sina.com.cn/stock/hkstock/hkstocknews/2018-04-04/doc-ifysuuya5374118.shtml,18%，报3131点。贸易战持续影响金融市场 中美贸易战持续影响中，美及港股走势，但两国未见有让步，均摆出强硬姿态。
2018-04-04,新浪港股,中美贸易战加剧 港股2月份低位29129点重要支持,http://finance.sina.com.cn/stock/hkstock/marketalerts/2018-04-04/doc-ifysuuya5335266.shtml,中美贸易战持续影响中、美及港股走势，但两国未见有让步，均摆出强硬姿态．美国政府则公布对价值500亿美元中国商品加征25%进口关税的详细清单，当中涵盖1300种工业技术、交通运输、医 ...
2018-04-04,澎湃新闻,中美贸易摩擦丨王受文：中国挑起贸易战？Fake News,http://news.sina.com.cn/o/2018-04-04/doc-ifyswxnq2727185.shtml,近日有媒体称，中美这场贸易战是由中方挑起的，原因是中方采取的强制技术转让等行为，反对知识产权保护不力。
2018-04-05,新京报,中美贸易战升级:美国公布对华加税清单 中国对等反击,http://finance.sina.com.cn/roll/2018-04-05/doc-ifyuwqez5098759.shtml,中美贸易战升级：美国公布对华加税清单 中国对等反击 美国对原产中国的1333项商品加征25%关税；中国对原产美国的106项商品加征25%关税；涉及金额均为约500亿美元 4月4日，财政部网站发 ...
2018-04-04,中国青年报,中美贸易摩擦转化为“贸易战”风险大增,http://news.sina.com.cn/o/2018-04-04/doc-ifyswxnq2283063.shtml,4月2日，白宫发言人桑德斯在谈及中美贸易战风险时称，美国总统特朗普对同中国的伙伴关系持开放态度，但“它应对美国有利，美国的知识产权应该得到保护”。
2018-04-03,澎湃新闻,中美贸易战影响美国农业，美国猪农果农担心失去中国市场,http://news.sina.com.cn/o/2018-04-03/doc-ifyswxnq2090845.shtml,美国《华尔街日报》报道，随着中美紧张关系升级，作为美国最成功的出口产业之一的农业，正成为中美第一轮过招的受害者。
2018-03-27,第一财经日报,中美贸易战的 三个误区,http://finance.sina.com.cn/roll/2018-03-27/doc-ifysqfnh1413501.shtml,x3000;　中美贸易战的 三个误区　　沈建光　　[无论怎样，坚持守住中美经贸关系压舱石不动摇，在应对策略上，软硬结合，审慎选择回击标的，并以同等程度的回击为宜 ...
2018-03-23,中国证券报,中美贸易战殃及A股 黄金等避险资产风景这边独好,http://finance.sina.com.cn/stock/stocktalk/2018-03-23/doc-ifyspshu1097056.shtml,中美贸易战殃及A股，这样避险最有效 3月23日，中美贸易战开打，全球股市一片惨淡。A股方面，上证指数大跌110.72点，跌幅3.39%；深圳成指下跌4.02%，创业板指的跌幅更是达到5.02%。
2018-03-24,新浪综合,中美贸易战：最终中国将增加哪些进口？,http://finance.sina.com.cn/china/2018-03-24/doc-ifysqath6524226.shtml,而中国的诉求更多的在于美国放开一些高新技术及保持公平竞争的投资环境。文章要点★百日计划成效完成率110%，附送大米进口协议――“百日计划”（4月16日至7月16日），中美双方完成预 ...
2018-03-24,泽平宏观,中美贸易战短期未必全面开打,http://finance.sina.com.cn/zl/china/2018-03-24/zl-ifyspykq1614646.shtml,微信公众号kopleader）专栏作家 任泽平 中美贸易战短期未必全面开打，但如果双方管理不当，有可能逐步升级。如果中美贸易战全面升级，对中国高端制造发展及经济增长将产生不利影响 ...
2018-03-23,农产品期货网,中美贸易战背景下油脂价格走势,http://finance.sina.com.cn/money/future/agri/2018-03-23/doc-ifysppiz7045775.shtml,5.0个百分点。这也代表着美国大豆出口五年来首次同比下滑。？一些美国人认为，中美贸易战全面爆发，中国的损失将比美国大很多。
2018-03-23,中国新闻网,中美贸易战阴影笼罩全球股市 后续影响你知道多少？,http://finance.sina.com.cn/china/hgjj/2018-03-23/doc-ifysnevm3003314.shtml,跌！跌！跌！中美贸易战阴影笼罩全球股市，后续影响你知道多少？中美贸易战的“炮弹”很快落在了股市的“阵地”上。
2018-04-04,环球网,中美贸易战爆发 俄或成为中国粮食市场主要供应国,http://news.sina.com.cn/w/2018-04-04/doc-ifyteqtq3918691.shtml,原标题 中美贸易战爆发，俄方：俄将成为中国粮食市场主要供应国 [环球网报道 记者 郭鹏飞 ]俄新社4月4日消息，俄中地区发展投资基金管理公司总经理鲁斯塔姆・捷米尔加利耶夫在莫斯科 ...
2018-03-31,中国经营网,中美贸易战：美国的矛盾,http://news.sina.com.cn/o/2018-03-31/doc-ifysumzp7829782.shtml,报道，美国当地时间3月30日，美国贸易代表莱特希泽邀请美国农业企业团体，包括美国大豆协会、美国猪肉生产商理事会，讨论中美贸易战的影响。
2018-04-04,澎湃新闻,"中美贸易战|特朗普对关键药物原料动手,苦了美国病人",http://finance.sina.com.cn/roll/2018-04-04/doc-ifyswxnq2364989.shtml,美国贸易代表办公室建议对清单上中国产品征收额外25%的关税。在这份建议清单中，除了此前已多次提及的航空航天、信息和通信技术、机器人和机械等行业外，特朗普还针对中国生产的供 ...
2018-04-04,投资综合,中美贸易战升温 美元持续疲软 恐慌将推高金价？,http://finance.sina.com.cn/money/nmetal/hjzx/2018-04-04/doc-ifysuuya3723849.shtml,来源：黄金头条 分析师Clif Droke认为，中美贸易战愈演愈烈、美元持续疲软、黄金投机性净多仓大幅增加、以及股市遭遇严重抛售压力都刺激了市场的避险情绪。
2018-03-23,一财网,中金公司解读中美贸易战A股影响：短期或有冲击(附影响行业),http://news.sina.com.cn/o/2018-03-23/doc-ifyspiwi5179532.shtml,针对此次中美贸易战将主要影响哪些领域，中金公司今日发布最新研报称，1)从签署备忘录来看首当其冲是针对中国计划加征25%附加关税的行业，尤其是航空航天、信息及通信技术、机械领域 ...
2018-03-23,澎湃新闻,中美贸易摩擦丨机构点评中美贸易战：哪些行业受冲击最大,http://news.sina.com.cn/o/2018-03-23/doc-ifyspkri8301124.shtml,但也不宜过分夸大其影响。我们在特朗普当选美国总统后持续关注中美贸易战的可能性及影响(参见2017年的《中美贸易战可能性及影响》《中美贸易摩擦阴云：可能的领域，可能的影响 ...
2018-03-28,农产品期货网,"中美贸易战让棉花""雪上加霜""!",http://finance.sina.com.cn/money/future/agri/2018-03-28/doc-ifysskfm9317844.shtml,消息面变化迅速，也加剧了棉花期货波动，在上周下跌后很快又收复了上涨。笔者认为，虽然特朗普在22日签署的总统备忘录并不意味着很快实施，但也得做好最坏的准备。如果中美此次谈判 ...
2018-04-02,钢联资讯,中美贸易战坐实 金银偏弱震荡,http://finance.sina.com.cn/money/future/indu/2018-04-02/doc-ifysvmma8570292.shtml,美国近日经济数据中性，美元维持横盘，甚至有反弹要求。中国开始对部分自美进口产品加征关税，中美贸易战忧虑仍在。
2018-04-02,新浪财经,中美贸易战近日持续发酵 芯片板块友讯达等多股涨停,http://finance.sina.com.cn/stock/gujiayidong/2018-04-02/doc-ifysvmfm0369799.shtml,北京君正、润欣科技等多股涨停。消息面：中美贸易战近日来持续发酵，今日我国对美国128项进口商品加增关税，涉及水果制品及猪肉制品。贸易专家魏建国24日表示，面对美国对华采取限 ...
2018-04-01,新浪综合,钢铁人看中美贸易战：没太大直接影响 但有间接影响,http://finance.sina.com.cn/china/gncj/2018-04-01/doc-ifysuwaz3970417.shtml,一个老钢铁人眼中的中美贸易战 来源：新金融观察 中美贸易战举世瞩目，国产钢铁再次受到波及。实际上从入世以来，中国钢铁行业就是在各种贸易摩擦中发展壮大起来的，本文通过一名 ...
2018-03-19,赫桥智库,中美贸易战情景分析：美国会拿哪些行业开刀？中国如何反制防范并举？...,http://finance.sina.com.cn/money/future/roll/2018-03-19/doc-ifysmanh1816224.shtml,美国分行业经济就业贡献、中美各产业的产品关联度及中美贸易摩擦领域演变等五个维度，我们认为中美贸易战升级将对中国的电气设备、机械、钢铁、有色金属加工、塑料橡胶、化工等行 ...
2018-03-23,澎湃新闻,中美贸易战重创A股市场 20家上市公司紧急回应(名单),http://finance.sina.com.cn/roll/2018-03-23/doc-ifyspnam9995181.shtml,600598）等个股亦跟随上涨。短期承压无需恐慌 不少机构均发布了对“中美贸易战”的观点，认为总体来看对A股市场短期有一定影响，但无需恐慌。国金策略表示，贸易战无赢家，全球避险 ...
2018-03-23,新浪综合,中美贸易战一旦开打 索罗斯给出一个震惊四座的论断,http://finance.sina.com.cn/stock/usstock/c/2018-03-23/doc-ifysnevk8912048.shtml,2017年1月 来源：新财富杂志 中美贸易战氛围愈发剑拔弩张。特朗普及其内阁成员频频强硬表态，使对美国贸易保护主义加剧的担忧似乎正一步步迈向现实。
2018-03-23,投资综合,中美贸易战迫在眉睫 人民币汇率双向波动或增强,http://finance.sina.com.cn/roll/2018-03-23/doc-ifyspnrp4587618.shtml,据新华社报道，美国总统特朗普22日宣布，将对从中国进口的商品大规模征收关税。特朗普当天签署总统备忘录，依据“301调查”结果，将对从中国进口的商品大规模征收关税，并限制中国企 ...
2018-03-23,新浪财经,日本财务大臣麻生太郎：市场对有关中美贸易战的讨论反应过度。,http://finance.sina.com.cn/7x24/2018-03-23/doc-ifyspmnn0853014.shtml,日本财务大臣麻生太郎：市场对有关中美贸易战的讨论反应过度。
2018-03-28,环球时报,中美贸易战，印度渔翁得利？,http://mil.news.sina.com.cn/2018-03-28/doc-ifyssims5201138.shtml,中美贸易战烽烟乍起，一些国家似乎已从中看到“机会”。美国彭博社27日报道称，中美两国公司、工人以及消费者的利益可能会因贸易战受损，但这场博弈或许会给印度、越南等新兴的低 ...
2018-03-28,虎嗅APP,中美贸易战双方还有哪些牌没出？,http://finance.sina.com.cn/world/mzjj/2018-03-28/doc-ifysqfnh7509021.shtml,中美贸易战，双方还有哪些牌没出？来源：真话财经 作者：马继鹏 最近外界都说中美在进行贸易战，其实有些言过其实了。第一、现在双方还在相互喊话阶段，还没有真正“开战”。
2018-03-26,农产品期货网,中美贸易战开打 中国棉市迎哪些变化？,http://finance.sina.com.cn/money/future/agri/2018-03-26/doc-ifysreex9424385.shtml,这只是中美贸易战的开始，随后进口大豆、玉米、棉花以及波音飞机、电脑、手机等等也将成为中方与美方博弈的关键筹码，毕竟相对于美方征税的600亿美元商品价值而言中方征税的商品价 ...
2018-03-26,中国之声,中美贸易战，哭的竟然是……,http://news.sina.com.cn/o/2018-03-26/doc-ifysrmnr8716724.shtml,毕竟苹果最近一个季度的营收中，有180亿美元来自中国市场，占其总销售额的20%。波音去年在中国的销售额接近120亿美元，占其总营收的近13％。
2018-03-26,农产品期货网,中美贸易战开打 中国纺织品出口将受冲击？,http://finance.sina.com.cn/money/future/agri/2018-03-26/doc-ifysreai9330571.shtml,调查结果，对从中国进口的商品大规模征收关税，并限制中国企业对美投资并购。美国终于单方面对中国发起了酝酿多时的中美贸易战！？根据当天签署的备忘录，美国贸易代表办公室将在15 ...
2018-03-26,农产品期货网,中美贸易战打响 大豆是盔甲不是软肋,http://finance.sina.com.cn/money/future/agri/2018-03-26/doc-ifysrken4225358.shtml,北京时间3月23日凌晨，美国总统特朗普签署备忘录，宣布将对从中国进口的约600亿美元商品加征关税，并限制中国企业对美投资并购。
2018-04-05,王福重,从自由贸易的精髓看中美贸易战,http://news.sina.com.cn/c/2018-04-05/doc-ifyteqtq4312226.shtml,中国也列出了报复清单，同样规模的，然后根据美国那边的行动再决定什么时候开打。贸易战看来已经是箭在弦上。
2018-04-04,FX168,中美贸易战剑拔弩张 避险天堂重获动能,http://finance.sina.com.cn/money/nmetal/byfx/2018-04-04/doc-ifyteqtq4081751.shtml,香港)讯 周三（4月4日）黄金期货在中国宣布对106中美国产品引入25%关税后随着中美贸易战更加剑拔弩张而上涨。贸易关系的紧张化给黄金和其它避险天堂提供了动能，在全球不确定性环境 ...
2018-04-04,环球网,中美贸易战升级会影响国内经济发展 外交部：有，但中方可承受,http://mil.news.sina.com.cn/2018-04-04/doc-ifyteqtq3986946.shtml,关于中方将对美方采取对等措施，这些举措是否有上限？中方是否有可能考虑不会采取进一步的措施？中方是否担心中美贸易战升级会影响中国国内经济发展？？耿爽回应称，我刚才说 ...
2018-03-27,环球人物杂志,中美贸易战背后美国这个关键人物 是何来头？,http://finance.sina.com.cn/stock/usstock/c/2018-03-27/doc-ifysqfnh4479493.shtml,美国贸易代表办公室是个律师、经济学家成堆的地方，唇枪舌剑、锱铢必较那都算是基本功。而莱特希泽去年被特朗普看上、提拔成代表之前，是世达国际律师事务所的合伙人。
2018-03-26,21世纪经济报道,中美贸易战 震撼全球资本市场,http://finance.sina.com.cn/roll/2018-03-26/doc-ifysqxmc9843727.shtml,中美贸易战 震撼全球资本市场 本报记者 陈植 上海报道 一石激起千层浪 随着3月22日美国宣布对600亿美元中国出口商品征收关税，全球金融市场骤然进入避险模式。
2018-03-23,证券综合,中美贸易战：A股上市房企的美国布局何去何从,http://finance.sina.com.cn/stock/hyyj/2018-03-23/doc-ifysnevm3406800.shtml,中美贸易战：中资房企的美国布局何去何从 国际金融报 3月23日凌晨刚过，时针的摆动悄然移过12点的方向，东半球即将进入一天中最黑暗的时刻。
2018-03-23,环球外汇网,中美贸易战开打 华尔街分析师是如何看待的？,http://finance.sina.com.cn/money/forex/forexinfo/2018-03-23/doc-ifysprir5892027.shtml,在特朗普政府宣布将对每年高达600亿美元的中国输美产品征收25%关税以后，周五亚太地区股市重挫，债券价格上涨，日元反弹，离岸人民币略有回升。北京方面在周五(3月23日)作出反击。
2018-03-23,FX168,撞击天真：来看外媒如何解读中美贸易战 特朗普仍是背后赢家？,http://finance.sina.com.cn/money/forex/hbfx/2018-03-23/doc-ifyspswu0239341.shtml,据悉，特朗普周四签署了备忘录，将对中国征收600亿美元的关税，而中国之后也回应表示将对美国的128项产品征收价值30亿美元的进口税。
2018-03-26,美股综合,中美贸易战山雨欲来 1987年崩盘可能重演？,http://finance.sina.com.cn/stock/usstock/c/2018-03-26/doc-ifysqfnf6834472.shtml,――萧伯纳。舆论措辞越来越激烈；这是 1987的历史重演？周末，中国的媒体上的舆论变得越来越激烈。《人民日报》称中国“不怕打”贸易战。
2018-04-04,澎湃新闻,中美贸易摩擦丨特朗普发推：美国没和中国开打贸易战,http://news.sina.com.cn/o/2018-04-04/doc-ifyswxnq2740454.shtml,北京时间4月4日晚间，中美贸易摩擦“激战正酣”时，美国总统特朗普在其Twitter发布推文称，美国没有和中国处于贸易战之中（We are not in a trade war with China）。
2018-04-04,一财网,中美贸易战升级避险情绪骤升 金价狂飙股市汇市暴动,http://finance.sina.com.cn/roll/2018-04-04/doc-ifyswxnq2766760.shtml,中美贸易战升级避险情绪骤升，金价狂飙股市汇市暴动 美国公布基于“301调查”的中国商品拟征税清单 美国贸易代表办公室（USTR）3日公布基于“301调查”结果的中国商品拟征税清单。
2018-04-14,环球时报,特朗普为何在TPP上180°大逆转?和中美贸易战有关,http://news.sina.com.cn/c/2018-04-14/doc-ifyuwqfa0756919.shtml,而更具戏剧性的是，这个对付中国的办法，恰恰是特朗普一年前亲手废除的……▲图为特朗普在1年前签署的美国正式退出TPP的总统令 为何一年前被特朗普废掉？这个令特朗普在短短1年里就 ...
2018-04-13,参考消息,中美贸易战风险上升？英媒:投资者更加青睐中国,http://news.sina.com.cn/c/2018-04-13/doc-ifyuwqfa0020583.shtml,原标题：中美贸易战风险上升？英媒：中国反倒成投资者眼中香饽饽 一家券商营业部内的股民在查看大屏幕上的股市信息。
2018-04-13,新浪综合,中美贸易战升级 对哪国CPI影响更大？,http://finance.sina.com.cn/china/gncj/2018-04-13/doc-ifyzeyqc5927952.shtml,中美贸易战升级，对哪国CPI影响更大？来源：苏宁金融研究院 当前，中美贸易摩擦正面临全面升级之势，这无疑是今年中国和全球经济最大的不确定因素，而普通老百姓未来的最直接感受 ...
2018-04-11,人民日报,中国扩大开放新举措与中美贸易战有关?外交部回应,http://news.sina.com.cn/c/2018-04-11/doc-ifyzeyqa5331528.shtml,原标题：中国扩大开放新举措与中美贸易战有关？中方回应 外交部今天举行例行记者会。以下为记者会部分内容：问：各界都十分关注习近平主席昨天在博鳌亚洲论坛2018年年会开幕式上宣布 ...
2018-04-13,华夏时报,中美贸易战 新能源产业“最受伤”,http://finance.sina.com.cn/china/2018-04-13/doc-ifyuwqfa0571214.shtml,中美贸易战 新能源产业“最受伤”实习记者 王瑞斌 本报记者 翟亚男 北京报道 中美贸易冲突在20世纪80-90年代有两次，2002年有一次，那时候是相互威胁，但这次美国首次真正遏制中国，同时 ...
2018-04-13,参考消息,中美贸易战风险上升？英媒：中国成投资者眼中香饽饽,http://finance.sina.com.cn/china/2018-04-13/doc-ifyteqtq9203074.shtml,中美贸易战风险上升？英媒：中国反倒成投资者眼中香饽饽 参考消息网4月13日报道 英媒称，中国的股市、债市和汇市是基金经理2018年的首选目标，他们押注中美两国将能避免爆发全面的 ...
2018-04-13,中国经济网,海关总署回应“中美贸易战会否影响中国经济”,http://news.sina.com.cn/c/2018-04-13/doc-ifyteqtq9386368.shtml,原标题：海关总署回应“中美贸易战会否影响中国经济”经济日报-中国经济网北京4月13日讯 今天，国务院新闻办公室举行新闻发布会，海关总署新闻发言人黄颂平介绍2018年一季度进出口情 ...
2018-04-12,投资综合,中美贸易战对山西煤炭行业影响有限,http://finance.sina.com.cn/money/future/fmnews/2018-04-12/doc-ifyteqtq8762053.shtml,就中美可能爆发的贸易战对山西煤炭行业的影响进行了分析研究。综合分析来看，中美贸易战即便开打，对山西煤炭行业乃至全国市场直接影响将比较有限，间接影响也不会太大。
2018-04-08,人民日报海外版-海外网,中美贸易摩擦升级 外媒称美鹰派成对华贸易战推手,http://mil.news.sina.com.cn/2018-04-08/doc-ifyteqtq5783361.shtml,据美国《纽约时报》网站4月6日报道，美国总统特朗普6日为他好斗的贸易政策姿态进行辩护。此前，特朗普加大了一项白宫惩罚北京计划的力度，威胁额外对1000亿美元进口自中国的商品加征 ...
2018-04-11,新浪港股,中美贸易战摆脱最恐慌时刻 环球股市反弹,http://finance.sina.com.cn/stock/hkstock/hkstocknews/2018-04-11/doc-ifyteqtq7839820.shtml,资金捧优质公司聚焦外围3关键 投资界相信贸易战暂时摆脱“最恐慌时刻”，料资金将会重新关注基本因素及行业消息，短线大市走势系于3大关键：（1）Facebook在国会听证会的表现，对科网 ...
2018-04-08,环球网,中美贸易战正酣 但台湾这件事更有可能引发大动荡,http://news.sina.com.cn/c/2018-04-08/doc-ifyteqtq5936558.shtml,分析认为，此举明显是针对蔡英文。诉求所谓“独立公投・正名入联”的“喜乐岛联盟”7日在高雄举行成立大会。
2018-04-09,环球时报,中美贸易战正酣 印右翼却妄图背后给中国“捅刀”,http://news.sina.com.cn/c/2018-04-09/doc-ifyteqtq6219541.shtml,原标题：中美贸易战正酣 印度右翼却妄图背后“捅刀”美国总统特朗普日前威胁拟对中国1000亿美元商品额外加征关税，点燃贸易战硝烟。
2018-04-11,南开大学,“中美贸易战？――前景与影响”学术研讨会南开举行,http://news.sina.com.cn/o/2018-04-11/doc-ifyuwqez9056173.shtml,郝静秋 摄影 任永华)4月10日，由南开大学经济学院、国际经济贸易系、国际经济研究所、跨国公司研究中心和APEC研究中心联合举办的“中美贸易战？――前景与影响”学术研讨会在南开大 ...
2018-04-06,观察者网,中美贸易战打农产品 这些国家将受益？,http://news.sina.com.cn/c/2018-04-06/doc-ifysuuyc0026207.shtml,139%。《环球时报》援引巴西动物蛋白协会主席弗朗西斯・图拉称，“中美贸易战将加大巴西肉类的国际需求，对我们来说是一个千载难逢的机会。
2018-04-11,人民日报海外版海外网,"中美贸易战蔡英文称""台湾也是棋手"" 国台办：膨胀",http://mil.news.sina.com.cn/2018-04-11/doc-ifyuwqez8878118.shtml,她很满意赖清德的表现，请问发言人有何评价？另外，针对中美贸易战，蔡英文说“不要小看两千三百万人，台湾也是棋手，会顺势操作”，请问发言人怎么评价？马晓光：第一个问题 ...
2018-04-09,参考消息,中美贸易摩擦升级 外媒称美鹰派成对华贸易战“推手”,http://news.sina.com.cn/o/2018-04-09/doc-ifyuwqez7290129.shtml,4月6日报道，中国和美国在贸易战中下的赌注越来越大。中美贸易战已经迅速从象征层面升级为真刀真枪。特朗普信誓旦旦地表示，准备加大对中国的挑战。
2018-04-08,证券综合,中美贸易战升级美股大跌 A股明天又会怎么走,http://finance.sina.com.cn/stock/marketresearch/2018-04-08/doc-ifyvtmxe0997556.shtml,都在等A股开盘！中美贸易战升级，有何影响？最新解读看过来 证券时报网 特朗普挑起的中美贸易战一波三折，中美这两个世界上最大经济体的一举一动，都让全球市场投资者的心，时刻 ...
2018-04-09,投资综合,中美贸易战再升级 警惕钢市有“大波动”,http://finance.sina.com.cn/money/future/fmnews/2018-04-09/doc-ifyteqtq6339207.shtml,我的钢铁网 背景：中美贸易战硝烟再起，美国总统特朗普要求美国贸易代表办公室依据“301调查”，额外对1000亿美元中国进口商品加征关税。
2018-04-08,澎湃新闻,中美贸易战德系豪华车躺枪 宝马奔驰关注加征25%关税,http://finance.sina.com.cn/chanjing/cyxw/2018-04-08/doc-ifyteqtq5919052.shtml,宝马奔驰关注加征25%关税，中美贸易战德系豪华车“躺枪”澎湃新闻记者 陈楚薇 美国对中国发起的这场贸易战，让裹挟其中的中美汽车制造行业成为各方关注焦点。
2018-04-09,农产品期货网,中美贸易战 短期对国内棉花市场影响有限,http://finance.sina.com.cn/money/future/agri/2018-04-09/doc-ifyuwqez7346439.shtml,中美贸易战不断升级，4月4日，中方宣布对美国大豆、棉花、汽车、化工品等14类106项商品加征25%关税，消息一出美棉瞬间直线跳水，一度跌破80美分/磅。
2018-04-14,环球时报,特朗普为何在TPP上180°大逆转?和中美贸易战有关,http://news.sina.com.cn/c/2018-04-14/doc-ifyuwqfa0756919.shtml,而更具戏剧性的是，这个对付中国的办法，恰恰是特朗普一年前亲手废除的……▲图为特朗普在1年前签署的美国正式退出TPP的总统令 为何一年前被特朗普废掉？这个令特朗普在短短1年里就 ...
2018-04-13,参考消息,中美贸易战风险上升？英媒:投资者更加青睐中国,http://news.sina.com.cn/c/2018-04-13/doc-ifyuwqfa0020583.shtml,原标题：中美贸易战风险上升？英媒：中国反倒成投资者眼中香饽饽 一家券商营业部内的股民在查看大屏幕上的股市信息。
2018-04-13,新浪综合,中美贸易战升级 对哪国CPI影响更大？,http://finance.sina.com.cn/china/gncj/2018-04-13/doc-ifyzeyqc5927952.shtml,中美贸易战升级，对哪国CPI影响更大？来源：苏宁金融研究院 当前，中美贸易摩擦正面临全面升级之势，这无疑是今年中国和全球经济最大的不确定因素，而普通老百姓未来的最直接感受 ...
2018-04-11,人民日报,中国扩大开放新举措与中美贸易战有关?外交部回应,http://news.sina.com.cn/c/2018-04-11/doc-ifyzeyqa5331528.shtml,原标题：中国扩大开放新举措与中美贸易战有关？中方回应 外交部今天举行例行记者会。以下为记者会部分内容：问：各界都十分关注习近平主席昨天在博鳌亚洲论坛2018年年会开幕式上宣布 ...
2018-04-13,华夏时报,中美贸易战 新能源产业“最受伤”,http://finance.sina.com.cn/china/2018-04-13/doc-ifyuwqfa0571214.shtml,中美贸易战 新能源产业“最受伤”实习记者 王瑞斌 本报记者 翟亚男 北京报道 中美贸易冲突在20世纪80-90年代有两次，2002年有一次，那时候是相互威胁，但这次美国首次真正遏制中国，同时 ...
2018-04-13,参考消息,中美贸易战风险上升？英媒：中国成投资者眼中香饽饽,http://finance.sina.com.cn/china/2018-04-13/doc-ifyteqtq9203074.shtml,中美贸易战风险上升？英媒：中国反倒成投资者眼中香饽饽 参考消息网4月13日报道 英媒称，中国的股市、债市和汇市是基金经理2018年的首选目标，他们押注中美两国将能避免爆发全面的 ...
2018-04-13,中国经济网,海关总署回应“中美贸易战会否影响中国经济”,http://news.sina.com.cn/c/2018-04-13/doc-ifyteqtq9386368.shtml,原标题：海关总署回应“中美贸易战会否影响中国经济”经济日报-中国经济网北京4月13日讯 今天，国务院新闻办公室举行新闻发布会，海关总署新闻发言人黄颂平介绍2018年一季度进出口情 ...
2018-04-12,投资综合,中美贸易战对山西煤炭行业影响有限,http://finance.sina.com.cn/money/future/fmnews/2018-04-12/doc-ifyteqtq8762053.shtml,就中美可能爆发的贸易战对山西煤炭行业的影响进行了分析研究。综合分析来看，中美贸易战即便开打，对山西煤炭行业乃至全国市场直接影响将比较有限，间接影响也不会太大。
2018-04-08,人民日报海外版-海外网,中美贸易摩擦升级 外媒称美鹰派成对华贸易战推手,http://mil.news.sina.com.cn/2018-04-08/doc-ifyteqtq5783361.shtml,据美国《纽约时报》网站4月6日报道，美国总统特朗普6日为他好斗的贸易政策姿态进行辩护。此前，特朗普加大了一项白宫惩罚北京计划的力度，威胁额外对1000亿美元进口自中国的商品加征 ...
2018-04-11,新浪港股,中美贸易战摆脱最恐慌时刻 环球股市反弹,http://finance.sina.com.cn/stock/hkstock/hkstocknews/2018-04-11/doc-ifyteqtq7839820.shtml,资金捧优质公司聚焦外围3关键 投资界相信贸易战暂时摆脱“最恐慌时刻”，料资金将会重新关注基本因素及行业消息，短线大市走势系于3大关键：（1）Facebook在国会听证会的表现，对科网 ...
2018-04-08,环球网,中美贸易战正酣 但台湾这件事更有可能引发大动荡,http://news.sina.com.cn/c/2018-04-08/doc-ifyteqtq5936558.shtml,分析认为，此举明显是针对蔡英文。诉求所谓“独立公投・正名入联”的“喜乐岛联盟”7日在高雄举行成立大会。
2018-04-09,环球时报,中美贸易战正酣 印右翼却妄图背后给中国“捅刀”,http://news.sina.com.cn/c/2018-04-09/doc-ifyteqtq6219541.shtml,原标题：中美贸易战正酣 印度右翼却妄图背后“捅刀”美国总统特朗普日前威胁拟对中国1000亿美元商品额外加征关税，点燃贸易战硝烟。
2018-04-11,南开大学,“中美贸易战？――前景与影响”学术研讨会南开举行,http://news.sina.com.cn/o/2018-04-11/doc-ifyuwqez9056173.shtml,郝静秋 摄影 任永华)4月10日，由南开大学经济学院、国际经济贸易系、国际经济研究所、跨国公司研究中心和APEC研究中心联合举办的“中美贸易战？――前景与影响”学术研讨会在南开大 ...
2018-04-06,观察者网,中美贸易战打农产品 这些国家将受益？,http://news.sina.com.cn/c/2018-04-06/doc-ifysuuyc0026207.shtml,139%。《环球时报》援引巴西动物蛋白协会主席弗朗西斯・图拉称，“中美贸易战将加大巴西肉类的国际需求，对我们来说是一个千载难逢的机会。
2018-04-11,人民日报海外版海外网,"中美贸易战蔡英文称""台湾也是棋手"" 国台办：膨胀",http://mil.news.sina.com.cn/2018-04-11/doc-ifyuwqez8878118.shtml,她很满意赖清德的表现，请问发言人有何评价？另外，针对中美贸易战，蔡英文说“不要小看两千三百万人，台湾也是棋手，会顺势操作”，请问发言人怎么评价？马晓光：第一个问题 ...
2018-04-09,参考消息,中美贸易摩擦升级 外媒称美鹰派成对华贸易战“推手”,http://news.sina.com.cn/o/2018-04-09/doc-ifyuwqez7290129.shtml,4月6日报道，中国和美国在贸易战中下的赌注越来越大。中美贸易战已经迅速从象征层面升级为真刀真枪。特朗普信誓旦旦地表示，准备加大对中国的挑战。
2018-04-08,证券综合,中美贸易战升级美股大跌 A股明天又会怎么走,http://finance.sina.com.cn/stock/marketresearch/2018-04-08/doc-ifyvtmxe0997556.shtml,都在等A股开盘！中美贸易战升级，有何影响？最新解读看过来 证券时报网 特朗普挑起的中美贸易战一波三折，中美这两个世界上最大经济体的一举一动，都让全球市场投资者的心，时刻 ...
2018-04-09,投资综合,中美贸易战再升级 警惕钢市有“大波动”,http://finance.sina.com.cn/money/future/fmnews/2018-04-09/doc-ifyteqtq6339207.shtml,我的钢铁网 背景：中美贸易战硝烟再起，美国总统特朗普要求美国贸易代表办公室依据“301调查”，额外对1000亿美元中国进口商品加征关税。
2018-04-08,澎湃新闻,中美贸易战德系豪华车躺枪 宝马奔驰关注加征25%关税,http://finance.sina.com.cn/chanjing/cyxw/2018-04-08/doc-ifyteqtq5919052.shtml,宝马奔驰关注加征25%关税，中美贸易战德系豪华车“躺枪”澎湃新闻记者 陈楚薇 美国对中国发起的这场贸易战，让裹挟其中的中美汽车制造行业成为各方关注焦点。
2018-04-09,农产品期货网,中美贸易战 短期对国内棉花市场影响有限,http://finance.sina.com.cn/money/future/agri/2018-04-09/doc-ifyuwqez7346439.shtml,中美贸易战不断升级，4月4日，中方宣布对美国大豆、棉花、汽车、化工品等14类106项商品加征25%关税，消息一出美棉瞬间直线跳水，一度跌破80美分/磅。
2018-03-23,一财网,中金公司解读中美贸易战A股影响：短期或有冲击(附影响行业),http://finance.sina.com.cn/roll/2018-03-23/doc-ifyspiwi5179551.shtml,中金公司解读中美贸易战A股影响：短期或有冲击(附影响行业)针对此次中美贸易战将主要影响哪些领域，中金公司今日发布最新研报称，1)从签署备忘录来看首当其冲是针对中国计划加征25 ...
2018-03-23,澎湃新闻,中美贸易摩擦丨机构点评中美贸易战：哪些行业受冲击最大,http://news.sina.com.cn/o/2018-03-23/doc-ifyspkri8301124.shtml,但也不宜过分夸大其影响。我们在特朗普当选美国总统后持续关注中美贸易战的可能性及影响(参见2017年的《中美贸易战可能性及影响》《中美贸易摩擦阴云：可能的领域，可能的影响 ...
2018-03-29,汇通网,中美贸易战+中国原油期货上市，11大交易内参供细品,http://finance.sina.com.cn/money/forex/hbfx/2018-03-29/doc-ifysticp4230601.shtml,中美贸易战会否打响？怎样评价美国四季度GDP终值？若利率升至中性水平，美联储是否经要停止加息？英镑前景如何？中国作为亚洲国家能否建立一个全球石油交易基准？……这些交 ...
2018-04-03,FX168,中美贸易战硝烟弥漫美股暴跌 黄金飙涨多头满血复活,http://finance.sina.com.cn/money/nmetal/hjzx/2018-04-03/doc-ifysvuvq4630004.shtml,34美元/桶，布油上涨0.1%，报69.41美元/桶。本周中美贸易战升级。中国财政部宣布，自2018年4月2日起对原产于美国的7类128项进口商品中止关税减让义务，在现行适用关税税率基础上加征关税 ...
2018-04-03,农产品期货网,中美贸易战对畜牧业影响究竟有多大？,http://finance.sina.com.cn/money/future/agri/2018-04-03/doc-ifyswxnq1930087.shtml,今日，国内大豆、豆粕双双走好，目前豆粕涨破3410元/吨。中美贸易战对豆粕、养猪业影响究竟有多大？据最新报价，今日全国豆粕均价达到3270~3410元/吨。
2018-03-28,农产品期货网,"中美贸易战让棉花""雪上加霜""!",http://finance.sina.com.cn/money/future/agri/2018-03-28/doc-ifysskfm9317844.shtml,消息面变化迅速，也加剧了棉花期货波动，在上周下跌后很快又收复了上涨。笔者认为，虽然特朗普在22日签署的总统备忘录并不意味着很快实施，但也得做好最坏的准备。如果中美此次谈判 ...
2018-04-02,钢联资讯,中美贸易战坐实 金银偏弱震荡,http://finance.sina.com.cn/money/future/indu/2018-04-02/doc-ifysvmma8570292.shtml,美国近日经济数据中性，美元维持横盘，甚至有反弹要求。中国开始对部分自美进口产品加征关税，中美贸易战忧虑仍在。
2018-04-02,新浪财经,中美贸易战近日持续发酵 芯片板块友讯达等多股涨停,http://finance.sina.com.cn/stock/gujiayidong/2018-04-02/doc-ifysvmfm0369799.shtml,北京君正、润欣科技等多股涨停。消息面：中美贸易战近日来持续发酵，今日我国对美国128项进口商品加增关税，涉及水果制品及猪肉制品。贸易专家魏建国24日表示，面对美国对华采取限 ...
2018-04-01,新浪综合,钢铁人看中美贸易战：没太大直接影响 但有间接影响,http://finance.sina.com.cn/china/gncj/2018-04-01/doc-ifysuwaz3970417.shtml,一个老钢铁人眼中的中美贸易战 来源：新金融观察 中美贸易战举世瞩目，国产钢铁再次受到波及。实际上从入世以来，中国钢铁行业就是在各种贸易摩擦中发展壮大起来的，本文通过一名 ...
2018-04-02,FX168,中美贸易战拉开序幕？黄金受益高开,http://finance.sina.com.cn/money/nmetal/hjfx/2018-04-02/doc-ifysvnse4955700.shtml,自2018年4月2号，也就是今日起实施。此通告表明中美贸易战有升级的迹象，如果贸易战进一步势必会对国际金融市场产生影响。
2018-03-19,赫桥智库,中美贸易战情景分析：美国会拿哪些行业开刀？中国如何反制防范并举？...,http://finance.sina.com.cn/money/future/roll/2018-03-19/doc-ifysmanh1816224.shtml,美国分行业经济就业贡献、中美各产业的产品关联度及中美贸易摩擦领域演变等五个维度，我们认为中美贸易战升级将对中国的电气设备、机械、钢铁、有色金属加工、塑料橡胶、化工等行 ...
2018-03-12,参考消息,境外媒体：中方警告中美贸易战“无赢家”,http://news.sina.com.cn/o/2018-03-12/doc-ifyseyym7286745.shtml,据香港《南华早报》网站3月11日报道，在正在举行的全国人大会议的间隙，商务部部长钟山在一次记者会上表示，贸易战没有赢家，只会给中美两国和世界经济带来灾难。
2018-04-05,王福重,从自由贸易的精髓看中美贸易战,http://news.sina.com.cn/c/2018-04-05/doc-ifyteqtq4312226.shtml,中国也列出了报复清单，同样规模的，然后根据美国那边的行动再决定什么时候开打。贸易战看来已经是箭在弦上。
2018-04-04,FX168,中美贸易战剑拔弩张 避险天堂重获动能,http://finance.sina.com.cn/money/nmetal/byfx/2018-04-04/doc-ifyteqtq4081751.shtml,香港)讯 周三（4月4日）黄金期货在中国宣布对106中美国产品引入25%关税后随着中美贸易战更加剑拔弩张而上涨。贸易关系的紧张化给黄金和其它避险天堂提供了动能，在全球不确定性环境 ...
2018-04-04,环球网,中美贸易战升级会影响国内经济发展 外交部：有，但中方可承受,http://mil.news.sina.com.cn/2018-04-04/doc-ifyteqtq3986946.shtml,关于中方将对美方采取对等措施，这些举措是否有上限？中方是否有可能考虑不会采取进一步的措施？中方是否担心中美贸易战升级会影响中国国内经济发展？？耿爽回应称，我刚才说 ...
2018-04-05,新京报,中美贸易战升级 全球股市受挫,http://finance.sina.com.cn/roll/2018-04-05/doc-ifyuwqez5098899.shtml,中美贸易战大事记 13月22日（北京时间3月23日凌晨）美国总统特朗普正式宣布对中国多种商品征收多达600亿美元的惩罚性关税。
2018-03-27,环球人物杂志,中美贸易战背后美国这个关键人物 是何来头？,http://finance.sina.com.cn/stock/usstock/c/2018-03-27/doc-ifysqfnh4479493.shtml,美国贸易代表办公室是个律师、经济学家成堆的地方，唇枪舌剑、锱铢必较那都算是基本功。而莱特希泽去年被特朗普看上、提拔成代表之前，是世达国际律师事务所的合伙人。
2018-03-28,新浪港股,中美贸易战续困扰 港股跌幅料进一步扩大,http://finance.sina.com.cn/stock/hkstock/marketalerts/2018-03-28/doc-ifysqfnh8541471.shtml,94%，报144.2元。连日受中美贸易战消息拖累的万洲（00288），今日反弹，午收涨2.03%，报8.55元．万洲去年多赚多赚9.4%至11.3亿美元，符合市场预期。
2018-04-02,农产品期货网,中美贸易战能否靠大豆打赢反击战?,http://finance.sina.com.cn/money/future/agri/2018-04-02/doc-ifysvkpv2460864.shtml,2018中美圆桌研讨会”上，对中美的贸易摩擦发表了自己的看法。楼继伟认为，美国贸易逆差是必然的，中美贸易问题的根源是美国的政策选择；在现行体制下，美国已经优先了，想“赢 ...
2018-03-26,21世纪经济报道,中美贸易战 震撼全球资本市场,http://finance.sina.com.cn/roll/2018-03-26/doc-ifysqxmc9843727.shtml,中美贸易战 震撼全球资本市场 本报记者 陈植 上海报道 一石激起千层浪 随着3月22日美国宣布对600亿美元中国出口商品征收关税，全球金融市场骤然进入避险模式。
